country,year,"Population ages 15-64, female","Population ages 15-64, male",menNotWorking,womenNotWorking,workingMen,workingMenWithAdv,workingMenWithoutAdv,workingWomen,workingWomenWithAdv,workingWomenWithoutAdv
Afghanistan,1990,3008042,3130991,594575,2531868,2536415,1551018,985397,476173,198992,277180
Afghanistan,1991,3214481,3373893,643738,2703699,2730154,1696790,1033363,510781,218563,292217
Afghanistan,1992,3488721,3697529,709186,2933316,2988342,1887138,1101204,555404,243211,312192
Afghanistan,1993,3793437,4056078,782823,3189901,3273254,2099793,1173461,603535,270323,333212
Afghanistan,1994,4084861,4395270,854440,3436185,3540829,2306850,1233979,648675,297028,351647
Afghanistan,1995,4337642,4683813,918964,3647089,3764848,2490447,1274401,690552,323109,367443
Afghanistan,1996,4493940,4849664,950049,3786144,3899614,2618591,1281023,707795,338255,369540
Afghanistan,1997,4596996,4946928,966135,3880324,3980792,2712910,1267882,716671,349664,367007
Afghanistan,1998,4676699,5015263,977474,3953213,4037788,2792130,1245657,723485,360223,363261
Afghanistan,1999,4770582,5103716,993183,4035912,4110532,2883538,1226993,734669,373138,361530
Afghanistan,2000,4901895,5241777,1018477,4149454,4223299,3004877,1218421,752440,389689,362751
Afghanistan,2001,5097016,5469968,1064455,4306978,4405512,3178577,1226935,790037,417060,372976
Afghanistan,2002,5339888,5756830,1120854,4501525,4635975,3391215,1244759,838362,450955,387407
Afghanistan,2003,5610866,6074051,1182010,4717616,4892040,3627448,1264592,893249,489411,403838
Afghanistan,2004,5883477,6384124,1239796,4934472,5144327,3865961,1278365,949004,529449,419555
Afghanistan,2005,6140838,6663946,1289473,5138039,5374472,4092660,1281811,1002798,569489,433309
Afghanistan,2006,6325599,6827106,1315583,5305912,5511522,4252139,1259382,1019686,589276,430409
Afghanistan,2007,6487043,6955667,1334792,5454954,5620874,4392713,1228160,1032088,606764,425323
Afghanistan,2008,6642357,7076163,1356500,5596850,5719662,4527112,1192549,1045506,625108,420398
Afghanistan,2009,6815683,7223804,1388415,5749028,5835388,4677064,1158324,1066654,648419,418235
Afghanistan,2010,7023445,7421549,1437554,5924275,5983994,4856012,1127982,1099169,679176,419992
Afghanistan,2011,7302694,7739084,1517634,6134262,6221449,5110920,1110528,1168431,733657,434773
Afghanistan,2012,7627967,8115940,1612637,6373929,6503302,5407496,1095806,1254037,799950,454087
Afghanistan,2013,7986446,8533346,1755309,6595207,6778036,5703718,1074318,1391238,901383,489855
Afghanistan,2014,8358558,8963516,1905643,6815568,7057872,6009778,1048093,1542989,1015133,527856
Afghanistan,2015,8730445,9386355,2060304,7023643,7326050,6311392,1014657,1706801,1139973,566828
Afghanistan,2016,9076529,9750113,2210350,7197687,7539762,6570903,968859,1878841,1273666,605174
Afghanistan,2017,9413852,10100169,2365459,7351277,7734709,5422804,2311904,2062574,1003236,1059338
Afghanistan,2018,9749017,10444644,2453446,7573036,7991197,5602628,2388568,2175980,1058396,1117583
Afghanistan,2019,10092939,10796549,2543666,7797804,8252882,5786095,2466786,2295134,1116353,1178781
Afghanistan,2020,10452059,11164198,2630285,8075260,8533912,5558990,2974922,2376798,808824,1567973
Afghanistan,2021,0,0,0,0,0,0,0,0,0,0
Australia,1990,5639885,5768446,860652,2148796,4907793,3621461,1286332,3491088,2254894,1236194
Australia,1991,5717357,5838769,921941,2192034,4916827,3677295,1239532,3525322,2312258,1213063
Australia,1992,5785445,5897865,957813,2211775,4940051,3744065,1195986,3573669,2379706,1193963
Australia,1993,5836820,5940389,983134,2238420,4957254,3806675,1150578,3598399,2432158,1166241
Australia,1994,5895272,5992925,985236,2191862,5007688,3895480,1112207,3703409,2540168,1163241
Australia,1995,5967588,6063414,978028,2144751,5085385,4006775,1078610,3822836,2660312,1162524
Australia,1996,6047344,6139636,996462,2157087,5143173,4103737,1039435,3890256,2746131,1144124
Australia,1997,6120089,6211878,1044837,2196499,5167040,4174451,992588,3923589,2808897,1114691
Australia,1998,6191662,6284158,1070820,2215995,5213337,4263988,949348,3975666,2885935,1089730
Australia,1999,6270338,6362444,1107065,2242272,5255378,4350928,904450,4028065,2964252,1063812
Australia,2000,6351741,6441298,1130447,2202148,5310850,4449961,860888,4149592,3095180,1054411
Australia,2001,6452508,6540220,1157618,2193207,5382601,4563907,818693,4259300,3219605,1039695
Australia,2002,6546361,6629516,1176739,2210051,5452776,4677937,774839,4336309,3321179,1015130
Australia,2003,6640925,6719456,1206814,2185528,5512641,4784421,728219,4455396,3456942,998454
Australia,2004,6728928,6805811,1220281,2234676,5585529,4903536,681993,4494251,3532031,962219
Australia,2005,6824299,6904284,1197202,2168079,5707081,5067317,639763,4656219,3705884,950334
Australia,2006,6940314,7027265,1215014,2159131,5812250,5218820,593430,4781182,3853154,928027
Australia,2007,6993095,7090020,1211684,2136390,5878335,5336940,541394,4856704,3962585,894119
Australia,2008,7136720,7245568,1233920,2142443,6011647,5518091,493556,4994276,4124772,869503
Australia,2009,7280709,7398431,1293985,2174019,6104445,5603270,501174,5106689,4217614,889074
Australia,2010,7385446,7506055,1288789,2217849,6217265,5706827,510437,5167596,4231227,936368
Australia,2011,7469448,7572959,1304820,2207968,6268138,5773582,494556,5261479,4329671,931807
Australia,2012,7584244,7666241,1349258,2248728,6316982,5826784,490197,5335515,4398599,936916
Australia,2013,7698697,7757084,1370676,2277274,6386407,5621954,764453,5421422,4242263,1179159
Australia,2014,7793452,7829949,1399994,2295950,6429954,5558695,871258,5497501,4235274,1262226
Australia,2015,7880342,7899670,1364273,2264022,6535396,5670110,865286,5616319,4393085,1223234
Australia,2016,7965067,7978294,1404179,2258893,6574114,5698442,875671,5706173,4405166,1301007
Australia,2017,8055501,8066288,1397081,2228151,6669206,5752858,916348,5827349,4556987,1270362
Australia,2018,8132842,8144071,1388564,2181228,6755506,5827300,928206,5951613,4654161,1297451
Australia,2019,8212123,8225720,1381920,2149933,6843799,5903461,940337,6062189,4740631,1321557
Australia,2020,8276794,8293954,1393384,2166864,6900569,5952431,948138,6109929,4777964,1331964
Australia,2021,0,0,0,0,0,0,0,0,0,0
Bangladesh,1990,27146881,29353349,3052748,20295008,26300600,18405161,7895439,6851872,1897283,4954589
Bangladesh,1991,27971978,30203312,3162286,20875487,27041025,19193720,7847304,7096490,2035983,5060507
Bangladesh,1992,28826906,31081319,3279079,21461631,27802239,20012053,7790186,7365274,2186749,5178524
Bangladesh,1993,29712464,31989885,3397325,22055562,28592559,20866850,7725708,7656901,2349903,5306998
Bangladesh,1994,30630469,32931586,3526972,22660420,29404613,21753533,7651079,7970048,2525708,5444339
Bangladesh,1995,31582499,33908624,3658740,23273143,30249883,22681363,7568519,8309355,2716328,5593027
Bangladesh,1996,32538514,34869988,3839185,23906046,31030802,23577204,7453597,8632467,2908278,5724189
Bangladesh,1997,33523920,35865345,4024091,24542861,31841253,24511397,7329855,8981058,3115528,5865529
Bangladesh,1998,34531973,36886973,4219869,25180714,32667103,25473808,7193295,9351258,3337463,6013794
Bangladesh,1999,35555931,37925332,4418301,25824272,33507030,26463854,7043176,9731658,3570545,6161113
Bangladesh,2000,36588719,38970535,4618008,26471938,34352526,27475151,6877374,10116780,3813014,6303766
Bangladesh,2001,37569470,39937379,4804466,27106372,35132912,28450633,6682278,10463097,4048172,6414925
Bangladesh,2002,38566099,40917506,4987843,27740595,35929662,29455138,6474523,10825503,4296642,6528861
Bangladesh,2003,39566278,41892291,5165319,28372977,36726971,30476042,6250929,11193300,4554553,6638746
Bangladesh,2004,40556589,42838162,5341918,28993905,37496243,31489346,6006896,11562683,4820482,6742200
Bangladesh,2005,41531247,43741407,5511417,29603472,38229989,32105546,6124443,11927774,4972688,6955085
Bangladesh,2006,42432861,44482064,5671463,30199467,38810600,32593143,6217456,12233393,5100101,7133292
Bangladesh,2007,43326422,45183061,5977718,30592786,39205342,32924647,6280694,12733635,5308652,7424982
Bangladesh,2008,44215584,45869498,6293295,30968595,39576202,33236096,6340106,13246988,5522669,7724319
Bangladesh,2009,45107898,46572888,6627321,31336456,39945566,33546287,6399278,13771441,5741313,8030127
Bangladesh,2010,46011826,47316700,6983944,31702148,40332755,36525342,3807413,14309677,9794974,4514703
Bangladesh,2011,46942253,48166330,7359815,32070947,40806514,36954378,3852135,14871305,10179408,4691897
Bangladesh,2012,47865923,49040218,7748354,32424376,41291863,37393910,3897952,15441546,10569738,4871808
Bangladesh,2013,48793443,49941512,8160443,32769676,41781068,38033306,3747762,16023766,8763397,7260368
Bangladesh,2014,49741049,50870213,8591978,33112616,42278234,38485875,3792358,16628432,9094089,7534343
Bangladesh,2015,50714952,51818200,9042275,33466796,42775924,38938923,3837000,17248155,9433015,7815139
Bangladesh,2016,51694770,52745990,9494278,33813549,43251711,38359944,4891767,17881220,9455589,8425631
Bangladesh,2017,52700679,53691198,8542269,32700771,45148928,40489559,4659369,19999907,11343947,8655959
Bangladesh,2018,53707370,54633816,8648533,33164300,45985282,41239601,4745681,20543069,11652029,8891040
Bangladesh,2019,54681540,55546280,8759648,33640083,46786631,41958251,4828380,21041456,11934714,9106742
Bangladesh,2020,55605603,56413569,8896419,34208566,47517149,42613379,4903769,21397036,12136399,9260636
Bangladesh,2021,0,0,0,0,0,0,0,0,0,0
Bhutan,1990,136841,148375,25001,50973,123373,51496,71877,85867,20891,64976
Bhutan,1991,137815,149021,25691,51790,123329,52711,70618,86024,21789,64234
Bhutan,1992,137916,148730,26250,52228,122479,53572,68906,85687,22561,63125
Bhutan,1993,137686,148063,26784,52540,121278,54259,67018,85145,23270,61874
Bhutan,1994,137849,147748,27407,53016,120340,55043,65296,84832,24032,60799
Bhutan,1995,138878,148286,28233,53856,120052,56112,63939,85021,24936,60084
Bhutan,1996,141914,150823,29335,54622,121487,57998,63489,87291,26475,60815
Bhutan,1997,146152,154551,30724,55654,123826,60352,63473,90497,28352,62144
Bhutan,1998,151222,159270,32315,56814,126954,63146,63807,94407,30522,63885
Bhutan,1999,156594,164728,34098,57892,130629,66281,64347,98701,32897,65804
Bhutan,2000,161865,170704,36018,58740,134685,69686,64999,103124,35402,67721
Bhutan,2001,166225,177967,38512,58993,139454,73548,65906,107231,37884,69346
Bhutan,2002,170466,185841,41033,59083,144807,77819,66987,111382,40465,70917
Bhutan,2003,174661,193973,43488,59087,150484,82375,68109,115573,43143,72429
Bhutan,2004,178893,201922,45715,59124,156206,87069,69137,119768,45907,73861
Bhutan,2005,183224,209354,47669,59254,161684,91739,69944,123969,48757,75212
Bhutan,2006,187387,214619,49448,60057,165170,95369,69801,127329,51351,75977
Bhutan,2007,191514,219284,51093,60805,168190,98795,69395,130708,54021,76686
Bhutan,2008,195637,223580,52608,61527,170971,102138,68833,134109,56768,77340
Bhutan,2009,199826,227888,54055,62245,173832,105586,68246,137580,59613,77966
Bhutan,2010,204102,232470,59326,69598,173143,106898,66244,134503,59625,74877
Bhutan,2011,208635,237659,64928,76464,172730,108371,64359,132170,59912,72257
Bhutan,2012,213283,243131,79649,75224,163481,104202,59278,138058,63962,74095
Bhutan,2013,217968,248762,68011,88495,180750,117017,63732,129472,61279,68193
Bhutan,2014,222543,254394,71840,97473,182553,118184,64368,125069,59195,65873
Bhutan,2015,226892,259902,64767,88034,195134,134915,60218,138857,75649,63208
Bhutan,2016,231096,265553,65299,88763,200253,138455,61798,142332,77542,64789
Bhutan,2017,234918,270989,65552,89503,205436,142038,63397,145414,79221,66192
Bhutan,2018,238480,276208,65599,90312,210608,145614,64993,148167,80721,67445
Bhutan,2019,241935,281291,65568,91185,215722,149150,66571,150749,82128,68621
Bhutan,2020,245369,286277,66731,92479,219545,151793,67751,152889,83294,69595
Bhutan,2021,0,0,0,0,0,0,0,0,0,0
Cambodia,1990,2507071,2233376,357340,523225,1876035,1228615,647420,1983845,847101,1136743
Cambodia,1991,2573077,2297408,360463,535200,1936944,1268505,668439,2037876,870173,1167703
Cambodia,1992,2628903,2347010,355806,543131,1991203,1304038,687164,2085771,890624,1195147
Cambodia,1993,2683191,2392699,347898,548175,2044800,1339139,705660,2135015,911651,1223363
Cambodia,1994,2751796,2453208,320879,523666,2132328,1396461,735866,2228129,951411,1276718
Cambodia,1995,2842621,2537841,337279,546067,2200561,1441147,759413,2296553,980628,1315925
Cambodia,1996,2943013,2623205,359379,570944,2263825,1482579,781246,2372068,1012873,1359195
Cambodia,1997,3070452,2736844,389726,588912,2347117,1537127,809990,2481539,1059617,1421922
Cambodia,1998,3222430,2875946,432254,614839,2443691,1600373,843317,2607590,1113441,1494149
Cambodia,1999,3385638,3026859,477335,641916,2549523,1669682,879840,2743721,1171568,1572152
Cambodia,2000,3547719,3177627,546869,705996,2630757,1722882,907874,2841722,1213415,1628307
Cambodia,2001,3694845,3315100,424995,552009,2890104,1647070,1243033,3142835,1453561,1689273
Cambodia,2002,3823863,3436303,427476,642408,3008826,1744818,1264008,3181454,1503237,1678216
Cambodia,2003,3937171,3543481,433013,749243,3110467,1834864,1275602,3187927,1538174,1649752
Cambodia,2004,4044206,3645703,450973,881232,3194729,1916518,1278211,3162973,1557764,1605209
Cambodia,2005,4152874,3751018,435118,894113,3315899,2022367,1293532,3258760,1637527,1621233
Cambodia,2006,4262780,3864193,416946,907119,3447246,2102475,1344770,3355660,1686219,1669441
Cambodia,2007,4372660,3977929,400975,922631,3576953,2976383,600570,3450028,2490230,959797
Cambodia,2008,4482018,4094104,422920,904023,3671183,2920059,751124,3577994,2258072,1319922
Cambodia,2009,4587367,4209788,448342,881691,3761445,2622103,1139341,3705675,2159667,1546007
Cambodia,2010,4686758,4321348,408367,715667,3912980,3502117,410862,3971090,3531490,439599
Cambodia,2011,4781657,4420557,400060,706250,4020496,3883397,137099,4075406,3589617,485788
Cambodia,2012,4881199,4525590,459347,888378,4066242,4020700,45542,3992820,3402282,590538
Cambodia,2013,4980277,4630239,527384,1098151,4102854,3410703,692151,3882125,2937992,944133
Cambodia,2014,5074082,4727952,538986,1112746,4188965,2780216,1408748,3961335,2299951,1661384
Cambodia,2015,5160579,4816386,531729,1146164,4284656,3387021,897635,4014414,2852241,1162172
Cambodia,2016,5242360,4903698,481543,1062626,4422154,3607151,815003,4179733,3212543,967190
Cambodia,2017,5317011,4979689,519381,1030968,4460307,3499557,960750,4286042,3439977,846064
Cambodia,2018,5387350,5049864,524680,1047300,4525183,3550458,974724,4340049,3483323,856725
Cambodia,2019,5458265,5123296,532310,1065453,4590985,3623664,967320,4392811,2881245,1511566
Cambodia,2020,5532565,5204723,540770,1079956,4663952,3681257,982694,4452608,2920465,1532142
Cambodia,2021,0,0,0,0,0,0,0,0,0,0
China,1990,361579719,385146346,43174905,74521580,341971440,0,341971440,287058138,0,287058138
China,1991,366620448,390057478,43686437,76037080,346371040,0,346371040,290583367,0,290583367
China,1992,372815986,396136767,44129635,77806696,352007131,0,352007131,295009289,0,295009289
China,1993,379561152,402764657,44545771,79707841,358218885,0,358218885,299853310,0,299853310
China,1994,385889399,408970994,44986809,81654196,363984184,0,363984184,304235202,0,304235202
China,1995,391205053,414162559,45599297,83561399,368563261,0,368563261,307643653,0,307643653
China,1996,398840572,421652515,46634768,86109679,375017746,0,375017746,312730892,0,312730892
China,1997,404231506,426893169,47726656,88365007,379166512,0,379166512,315866498,0,315866498
China,1998,408564634,431104552,49016587,90701348,382087964,0,382087964,317863285,0,317863285
China,1999,413704468,436202665,50861230,93497209,385341434,0,385341434,320207258,0,320207258
China,2000,420537353,443104584,53394102,97060021,389710481,0,389710481,323477331,0,323477331
China,2001,426535052,449078998,56628861,101899223,392450136,0,392450136,324635828,0,324635828
China,2002,434515777,457131677,60798513,107759912,396333163,0,396333163,326755864,0,326755864
China,2003,443537698,466309161,65469806,114255311,400839354,0,400839354,329282386,0,329282386
China,2004,451912909,474895410,69857114,120570364,405038295,0,405038295,331342544,0,331342544
China,2005,458795658,482021879,73460134,126122926,408561744,0,408561744,332672731,0,332672731
China,2006,464685782,488079228,76335591,130948453,411743636,0,411743636,333737328,0,333737328
China,2007,469131965,492730984,78294953,134828526,414436030,0,414436030,334303438,0,334303438
China,2008,472434985,496279809,79702537,138045502,416577271,0,416577271,334389482,0,334389482
China,2009,475208034,499350356,81144432,141136786,418205923,0,418205923,334071247,0,334071247
China,2010,477787969,502289492,82978224,144530860,419311267,0,419311267,333257108,0,333257108
China,2011,480091947,504890536,83660361,145947951,421230174,0,421230174,334143995,0,334143995
China,2012,482847931,508107916,84599968,147413473,423507947,0,423507947,335434457,0,335434457
China,2013,485228165,511040174,85803645,148673909,425236528,0,425236528,336554255,0,336554255
China,2014,486837131,513238352,86788605,149751101,426449746,0,426449746,337086029,0,337086029
China,2015,487484569,514491575,87412118,150437737,427079456,0,427079456,337046831,0,337046831
China,2016,487256431,514766031,87767608,150805865,426998422,0,426998422,336450565,0,336450565
China,2017,486636714,514693904,87961188,151198027,426732715,0,426732715,335438686,0,335438686
China,2018,485079055,513715600,88102225,151441680,425613374,0,425613374,333637374,0,333637374
China,2019,483156615,512447020,88345866,151856124,424101153,0,424101153,331300490,0,331300490
China,2020,481075153,511089150,88111769,151201920,422977380,0,422977380,329873232,0,329873232
China,2021,0,0,0,0,0,0,0,0,0,0
Hong Kong,1990,1951007,2066673,301320,908779,1765352,1061506,703845,1042227,556862,485365
Hong Kong,1991,1981781,2083734,305892,903890,1777841,1086794,691047,1077890,586695,491194
Hong Kong,1992,2010902,2099403,311761,938085,1787641,1110661,676979,1072816,594662,478154
Hong Kong,1993,2057225,2132935,319300,970804,1813634,1144947,668687,1086420,613067,473353
Hong Kong,1994,2116365,2178633,336816,985167,1841816,1181156,660659,1131197,649646,481550
Hong Kong,1995,2172617,2219316,348654,991365,1870661,1218361,652299,1181251,690205,491046
Hong Kong,1996,2286484,2309332,371571,1036463,1937760,1281440,656319,1250020,742887,507133
Hong Kong,1997,2325816,2320619,378260,1045454,1942358,1303904,638453,1280361,773722,506639
Hong Kong,1998,2366731,2332517,386264,1047278,1946252,1325981,620270,1319452,810539,508912
Hong Kong,1999,2409645,2345979,398112,1047472,1947866,1346559,601306,1362172,850404,511768
Hong Kong,2000,2450363,2356694,409357,1045324,1947336,1365666,581669,1405038,891215,513822
Hong Kong,2001,2491656,2369858,422071,1040266,1947786,1385460,562325,1451389,935130,516259
Hong Kong,2002,2524719,2373702,429402,1013674,1944299,1402423,541876,1511044,988676,522368
Hong Kong,2003,2541345,2361769,431022,1023653,1930746,1411954,518791,1517691,1008202,509488
Hong Kong,2004,2584062,2374583,436685,1032074,1937897,1436563,501334,1551987,1046505,505482
Hong Kong,2005,2619626,2381635,451796,1040253,1929838,1449887,479950,1579372,1080764,498607
Hong Kong,2006,2667911,2396810,464981,1049822,1931828,1470701,461127,1618088,1123438,494649
Hong Kong,2007,2722328,2417012,474701,1057624,1942310,1498104,444206,1664703,1172450,492252
Hong Kong,2008,2768378,2429948,499354,1077452,1930593,1508372,422220,1690925,1207827,483097
Hong Kong,2009,2799265,2430616,507269,1085275,1923346,1521943,401402,1713989,1241442,472547
Hong Kong,2010,2837662,2439205,530283,1138469,1908921,1521601,387320,1699192,1230215,468976
Hong Kong,2011,2867733,2444139,527689,1112967,1916449,1545616,370832,1754765,1306949,447816
Hong Kong,2012,2904976,2457548,517805,1104762,1939742,1570027,369714,1800213,1323157,477056
Hong Kong,2013,2915314,2449845,496828,1067587,1953016,1561046,391970,1847726,1353089,494636
Hong Kong,2014,2926901,2443549,501416,1060708,1942132,1544578,397554,1866192,1352989,513202
Hong Kong,2015,2935546,2434210,489032,1048577,1945177,1561588,383588,1886968,1373713,513255
Hong Kong,2016,2938451,2420935,481766,1040505,1939168,1541445,397723,1897945,1384930,513014
Hong Kong,2017,2936088,2402046,472962,1023813,1929083,1539022,390060,1912274,1408963,503310
Hong Kong,2018,2928497,2378395,460932,1011210,1917462,1527258,390203,1917286,1407480,509806
Hong Kong,2019,2916640,2351691,450113,1010907,1901577,1505288,396288,1905732,1401475,504256
Hong Kong,2020,2872396,2299828,440187,995572,1859640,1472091,387549,1876823,1393729,483094
Hong Kong,2021,0,0,0,0,0,0,0,0,0,0
India,1990,244789498,263719309,34995552,167362579,228723756,192676887,36046868,77426918,25535397,51891520
India,1991,250490468,269781549,36042814,171135087,233738734,199238891,34499842,79355380,26964957,52390422
India,1992,256374697,275999493,37039131,174950093,238960361,206079410,32880950,81424603,28482326,52942277
India,1993,262466546,282439096,38101034,178765964,244338061,213160520,31177541,83700581,30115468,53585112
India,1994,268812566,289207041,39216474,182604376,249990566,218091764,31898801,86208189,31017706,55190483
India,1995,275422964,296342922,40658248,187149904,255684673,223059303,32625369,88273059,31760646,56512413
India,1996,281868921,303277563,42155581,191586305,261121981,227802811,33319170,90282615,32483684,57798930
India,1997,288554394,310556495,43788465,196188132,266768029,232728422,34039606,92366261,33233380,59132881
India,1998,295452732,318133504,45493091,200937403,272640412,237851490,34788922,94515328,34006614,60508714
India,1999,302516397,325920946,47225945,205771653,278695000,243133512,35561488,96744743,34808758,61935985
India,2000,309696326,333849261,48942301,210686410,284906959,247099815,37807143,99009915,32108915,66900999
India,2001,316463096,341318436,50105546,214403747,291212889,252568948,38643940,102059348,33097847,68961501
India,2002,323410973,348972231,51229123,218140701,297743107,258232607,39510500,105270271,34139149,71131122
India,2003,330488201,356775877,52339021,221955875,304436855,264038095,40398760,108532325,35197033,73335291
India,2004,337633069,364697848,53428234,225707706,311269613,269964146,41305467,111925362,36297395,75627967
India,2005,344805212,372712240,54527800,229433388,318184439,270838603,47345835,115371823,38984140,76387683
India,2006,351680062,380343562,57241706,238755594,323101855,275024308,48077547,112924467,38157178,74767289
India,2007,358578474,388057552,59993697,248100446,328063854,279247961,48815892,110478027,37330526,73147501
India,2008,365497652,395837971,62819485,257493095,333018485,283465343,49553141,108004556,36494740,71509815
India,2009,372491556,403711076,65683792,267001947,338027283,287728833,50298450,105489608,35644939,69844668
India,2010,379587714,411687854,68669534,276567608,343018319,282990113,60028205,103020105,30586669,72433435
India,2011,386293495,419259582,71944944,287131954,347314637,286534576,60780061,99161540,29441061,69720478
India,2012,393251170,427044346,75330622,297848436,351713723,291781701,59932021,95402733,29393581,66009152
India,2013,400311318,434906524,78631099,304837068,356275424,295566088,60709335,95474249,29415615,66058633
India,2014,407235342,442626693,81974463,311697930,360652229,299197086,61455143,95537411,29435075,66102335
India,2015,413890136,450078911,85334961,318281514,364743949,302591577,62152372,95608621,29457015,66151605
India,2016,420468073,457345876,88725099,324727492,368620776,305807792,62812983,95740580,29497672,66242907
India,2017,426587695,464143484,92132481,330818757,372011002,308620324,63390678,95768937,29506409,66262528
India,2018,432446916,470668260,95545656,336616679,375122603,299835497,75287105,95830236,30234438,65595797
India,2019,438341899,477210111,97494025,340766992,379716085,307532049,72184035,97574906,29828648,67746258
India,2020,444386581,483880266,98856738,345466128,385023527,313986698,71036829,98920452,33781336,65139116
India,2021,0,0,0,0,0,0,0,0,0,0
Indonesia,1990,54194407,54245225,8901641,26213834,45343583,41566462,3777121,27980572,21032995,6947576
Indonesia,1991,55608181,55636030,9118745,27298056,46517284,42963364,3553920,28310124,21900712,6409412
Indonesia,1992,57026098,56979668,9327571,27646252,47652096,44240204,3411891,29379845,22287551,7092294
Indonesia,1993,58452129,58308334,9871600,28922113,48436733,44765227,3671505,29530015,22064827,7465187
Indonesia,1994,59897472,59671487,9278916,28684899,50392570,46003378,4389192,31212572,24077378,7135194
Indonesia,1995,61362729,61096103,9414909,29447973,51681193,47179762,4501431,31914755,24619042,7295713
Indonesia,1996,62718425,62487395,9541825,30155018,52945569,48127523,4818046,32563406,25497148,7066258
Indonesia,1997,64100261,63958184,9881539,31402717,54076644,50929384,3147260,32697543,26619071,6078472
Indonesia,1998,65492440,65482633,10130163,31226795,55352469,51306205,4046264,34265644,26905382,7360261
Indonesia,1999,66859385,67006154,10077725,31845125,56928428,52579096,4349331,35014259,28652169,6362090
Indonesia,2000,68171740,68484093,10142494,32156609,58341598,55056968,3284630,36015130,28008965,8006164
Indonesia,2001,69266980,69653726,10211236,33878479,59442489,54027278,5415211,35388500,22974213,12414286
Indonesia,2002,70340395,70792759,10512724,35831397,60280034,56108657,4171377,34508997,26592632,7916364
Indonesia,2003,71404235,71921499,11277291,36573249,60644207,54452434,6191773,34830985,22257000,12573985
Indonesia,2004,72475566,73067413,10718989,37520600,62348423,56512610,5835812,34954965,22577410,12377554
Indonesia,2005,73564094,74243591,11663668,38775633,62579922,57992813,4587109,34788460,27938611,6849848
Indonesia,2006,74823375,75633817,11685424,39372059,63948392,58634282,5314109,35451315,27602394,7848920
Indonesia,2007,76023371,76963052,11652206,36916948,65310845,57166582,8144263,39106422,28637634,10468787
Indonesia,2008,77183071,78234083,11938521,36816324,66295561,60773140,5522421,40366746,30912854,9453891
Indonesia,2009,78322237,79453122,12180163,37328378,67272958,59920023,7352934,40993858,28945763,12048094
Indonesia,2010,79466652,80650298,12089479,37246019,68560818,62589171,5971646,42220632,32501444,9719188
Indonesia,2011,80777640,82057022,12004942,37771624,70052079,64602028,5450050,43006015,33897341,9108674
Indonesia,2012,82059240,83428694,11830188,37903162,71598505,67030522,4567982,44156077,36212399,7943677
Indonesia,2013,83338372,84792196,12489890,39177368,72302305,67212222,5090082,44161003,35403875,8757127
Indonesia,2014,84643213,86174155,12995062,39951596,73179092,67858974,5320117,44691616,35851615,8840001
Indonesia,2015,85972293,87572349,13766373,40630505,73805975,67716982,6088992,45341787,36101132,9240655
Indonesia,2016,87130721,88747589,14625602,41003717,74121986,67955037,6166949,46127003,36869314,9257689
Indonesia,2017,88379383,90003706,14697605,40645678,75306100,68543610,6762490,47733704,37771679,9962025
Indonesia,2018,89644873,91278031,14741402,40178832,76536628,67474694,9061934,49466040,37618925,11847115
Indonesia,2019,90824538,92482551,14667732,39971879,77814818,70157843,7656975,50852658,39975275,10877383
Indonesia,2020,91873585,93579479,14841705,40433564,78737773,69596317,9141455,51440020,39480215,11959804
Indonesia,2021,0,0,0,0,0,0,0,0,0,0
Japan,1990,42771488,43238946,7367916,18370354,35871029,23617484,12253545,24401133,11117156,13283977
Japan,1991,42979178,43512335,7209993,18089936,36302341,24264483,12037857,24889241,11588430,13300811
Japan,1992,43121301,43707456,6918890,17990206,36788565,24957361,11831204,25131094,11952347,13178746
Japan,1993,43193702,43824342,6762095,18037689,37062246,25513648,11548597,25156012,12215758,12940253
Japan,1994,43220411,43894626,6786109,17988335,37108516,25916586,11191930,25232075,12505016,12727059
Japan,1995,43213680,43934524,6735162,17946641,37199361,26352026,10847335,25267038,12775014,12492024
Japan,1996,43183487,43929638,6501586,17748413,37428051,26888310,10539740,25435073,13114323,12320750
Japan,1997,43130153,43903070,6357164,17385764,37545905,27348436,10197469,25744388,13531249,12213138
Japan,1998,43071779,43874366,6366170,17319162,37508195,27696050,9812145,25752616,13793100,11959515
Japan,1999,42963481,43797799,6411997,17404506,37385801,27979532,9406268,25558974,13944976,11613998
Japan,2000,42839220,43707887,6407576,17349884,37300310,28288554,9011756,25489335,14161874,11327461
Japan,2001,42736040,43615246,6485587,17111510,37129658,28530428,8599230,25624529,14493233,11131296
Japan,2002,42632297,43524231,6559101,17176552,36965129,28773655,8191474,25455744,14652325,10803418
Japan,2003,42511460,43419292,6617100,17008835,36802191,29014846,7787345,25502624,14934336,10568288
Japan,2004,42287796,43215631,6741638,16851686,36473992,29120834,7353158,25436109,15149746,10286363
Japan,2005,42017934,42973812,6708212,16504644,36265599,29317109,6948490,25513289,15450847,10062442
Japan,2006,41797207,42759264,6606306,16263293,36152957,29587579,6565378,25533913,15718676,9815237
Japan,2007,41570784,42545551,6347796,15934081,36197754,29986218,6211536,25636702,16038320,9598382
Japan,2008,41284635,42278072,6282521,15651005,35995550,30178668,5816882,25633629,16292734,9340895
Japan,2009,40933588,41952994,6355878,15210921,35597115,30200591,5396523,25722666,16606552,9116113
Japan,2010,40548737,41604516,6294763,14930044,35309752,30309890,4999862,25618692,16795613,8823078
Japan,2011,40081298,41137820,6310541,14761942,34827278,30244007,4583271,25319355,16852562,8466793
Japan,2012,39592692,40659104,6294029,14399862,34365074,29842629,4522445,25192829,16768346,8424482
Japan,2013,39097031,40183780,6119989,13629225,34063790,29543526,4520263,25467805,17297733,8170072
Japan,2014,38622584,39739205,5948958,13096918,33790246,29306281,4483964,25525665,17337031,8188634
Japan,2015,38195060,39349870,5839520,12661662,33510349,28805495,4704853,25533397,17546551,7986846
Japan,2016,37834602,38988697,5594878,12057887,33393818,28514981,4878837,25776714,17956060,7820654
Japan,2017,37505818,38661365,5497646,11443025,33163718,28510849,4652869,26062792,18275231,7787561
Japan,2018,37205507,38365439,5190843,10640775,33174595,28284660,4889934,26564731,18919402,7645329
Japan,2019,36930804,38101515,5086552,10056257,33014962,28257505,4757457,26874546,19505546,7369000
Japan,2020,36623471,37813781,5048139,9972571,32765641,27896666,4868974,26650899,19172657,7478241
Japan,2021,0,0,0,0,0,0,0,0,0,0
North Korea,1990,7128425,6779325,806739,1432813,5972585,0,5972585,5695611,0,5695611
North Korea,1991,7255652,6934445,783592,1433716,6150852,0,6150852,5821935,0,5821935
North Korea,1992,7344119,7050251,742391,1418883,6307859,0,6307859,5925235,0,5925235
North Korea,1993,7406120,7138723,703878,1405681,6434844,0,6434844,6000438,0,6000438
North Korea,1994,7466342,7224590,676944,1400685,6547645,0,6547645,6065656,0,6065656
North Korea,1995,7536856,7319667,654378,1398840,6665288,0,6665288,6138015,0,6138015
North Korea,1996,7597562,7392464,640926,1400990,6751537,0,6751537,6196571,0,6196571
North Korea,1997,7670846,7477200,631075,1404531,6846124,0,6846124,6266314,0,6266314
North Korea,1998,7751738,7569684,638881,1423994,6930802,0,6930802,6327743,0,6327743
North Korea,1999,7827719,7658127,660896,1452041,6997230,0,6997230,6375677,0,6375677
North Korea,2000,7892838,7737214,669269,1466489,7067944,0,7067944,6426348,0,6426348
North Korea,2001,7955895,7808236,681659,1482978,7126576,0,7126576,6472916,0,6472916
North Korea,2002,8008850,7872365,686470,1490446,7185894,0,7185894,6518403,0,6518403
North Korea,2003,8055559,7933128,691768,1495917,7241359,0,7241359,6559641,0,6559641
North Korea,2004,8103746,7997047,698142,1502434,7298904,0,7298904,6601311,0,6601311
North Korea,2005,8157090,8066543,709855,1513140,7356687,0,7356687,6643949,0,6643949
North Korea,2006,8203508,8122460,710715,1515187,7411744,0,7411744,6688320,0,6688320
North Korea,2007,8258994,8187532,712315,1518828,7475216,0,7475216,6740165,0,6740165
North Korea,2008,8320197,8259625,724369,1531748,7535255,0,7535255,6788448,0,6788448
North Korea,2009,8380262,8333272,727494,1537778,7605777,0,7605777,6842483,0,6842483
North Korea,2010,8436012,8405576,728763,1542946,7676812,0,7676812,6893065,0,6893065
North Korea,2011,8493334,8474126,731317,1550033,7742808,0,7742808,6943300,0,6943300
North Korea,2012,8540547,8534862,732291,1554379,7802570,0,7802570,6986167,0,6986167
North Korea,2013,8585897,8595185,732309,1560057,7862875,0,7862875,7025839,0,7025839
North Korea,2014,8642290,8666493,734918,1571168,7931574,0,7931574,7071121,0,7071121
North Korea,2015,8715022,8752782,737859,1587877,8014922,0,8014922,7127144,0,7127144
North Korea,2016,8790060,8831625,754220,1619129,8077404,0,8077404,7170930,0,7170930
North Korea,2017,8883153,8926743,757880,1646936,8168862,0,8168862,7236216,0,7236216
North Korea,2018,8979303,9023816,761610,1678231,8262205,0,8262205,7301071,0,7301071
North Korea,2019,9055952,9102502,781904,1716102,8320597,0,8320597,7339849,0,7339849
North Korea,2020,9100864,9152604,786208,1724613,8366395,0,8366395,7376250,0,7376250
North Korea,2021,0,0,0,0,0,0,0,0,0,0
South Korea,1990,14738359,14982652,3717195,7407499,11265456,7410416,3855039,7330859,3032043,4298816
South Korea,1991,15028397,15285865,3680836,7548763,11605028,7749838,3855190,7479633,3168372,4311260
South Korea,1992,15254222,15528338,3670899,7678975,11857438,8036971,3820466,7575246,3284626,4290619
South Korea,1993,15434246,15727421,3724253,7747991,12003167,8255778,3747389,7686254,3409622,4276631
South Korea,1994,15620361,15934744,3649056,7708648,12285687,8572952,3712734,7911712,3588752,4322959
South Korea,1995,15837212,16175606,3658922,7704803,12516683,8859308,3657375,8132408,3770184,4362223
South Korea,1996,15991910,16348179,3671801,7664922,12676377,9099103,3577274,8326987,3943661,4383326
South Korea,1997,16201337,16580576,3723997,7590326,12856578,9357017,3499560,8611010,4164284,4446725
South Korea,1998,16402570,16807572,3907760,8117631,12899811,9517480,3382330,8284938,4089445,4195492
South Korea,1999,16581579,17012630,4062616,8124973,12950013,9684020,3265993,8456605,4258746,4197858
South Korea,2000,16741634,17197829,4099962,8010871,13097866,9794584,3303282,8730762,4396811,4333950
South Korea,2001,16901281,17383738,4168620,7972334,13215117,9871692,3343425,8928946,4568941,4360004
South Korea,2002,16990282,17491588,4066794,7900481,13424793,10090075,3334718,9089800,4664885,4424915
South Korea,2003,17048173,17566815,4043880,8012641,13522934,10497853,3025080,9035531,4958699,4076831
South Korea,2004,17095374,17636596,3984107,7809166,13652488,10734951,2917537,9286207,5288495,3997712
South Korea,2005,17135405,17706592,4047726,7769192,13658865,10750892,2907972,9366212,5374332,3991879
South Korea,2006,17247807,17844298,4150583,7759788,13693714,10739980,2953734,9488018,5550490,3937527
South Korea,2007,17363179,17994576,4194535,7823848,13800040,10855112,2944928,9539330,5579554,3959775
South Korea,2008,17530232,18203318,4354233,7935936,13849084,10885380,2963704,9594295,5612663,3981632
South Korea,2009,17654332,18365142,4475585,8147474,13889556,10957471,2932085,9506857,5460738,4046118
South Korea,2010,17766813,18509313,4475551,8098113,14033761,11142806,2890954,9668699,5599143,4069555
South Korea,2011,17905723,18689245,4459253,8086224,14229991,11371186,2858804,9819498,5695309,4124189
South Korea,2012,18002041,18821141,4439907,8064914,14381233,11522244,2858988,9937126,5846011,4091114
South Korea,2013,18082129,18934907,4451596,8033889,14483310,11562026,2921283,10048239,5931475,4116763
South Korea,2014,18182215,19072768,4272300,7820170,14800467,11905496,2894971,10362044,6220335,4141709
South Korea,2015,18246710,19177303,4337905,7652670,14839397,12003588,2835808,10594039,6460245,4133794
South Korea,2016,18265573,19207526,4290961,7576559,14916564,12054075,2862489,10689013,6579087,4109925
South Korea,2017,18250813,19203494,4226689,7446331,14976804,12116235,2860569,10804481,6699858,4104622
South Korea,2018,18244727,19210236,4278119,7381816,14932116,11991982,2940134,10862910,6806699,4056210
South Korea,2019,18196421,19174350,4287384,7258552,14886965,11927437,2959528,10937868,6905076,4032792
South Korea,2020,18079946,19069160,4263864,7212090,14805295,11721352,3083943,10867855,6760892,4106962
South Korea,2021,0,0,0,0,0,0,0,0,0,0
Laos,1990,1116517,1106726,169550,171608,937175,705599,231576,944908,682034,262873
Laos,1991,1145423,1133893,173712,175478,960180,732521,227658,969944,709805,260139
Laos,1992,1175789,1161752,178561,180130,983190,759908,223282,995658,738579,257078
Laos,1993,1207123,1190197,183885,185051,1006311,787841,218470,1022071,768393,253678
Laos,1994,1239180,1219393,190713,191205,1028679,815640,213039,1047974,798346,249627
Laos,1995,1271999,1249653,197570,197414,1052082,844717,207365,1074584,829364,245220
Laos,1996,1299503,1275365,203038,203632,1072326,871694,200632,1095870,856751,239119
Laos,1997,1329000,1303382,209323,210646,1094058,900301,193757,1118353,885512,232841
Laos,1998,1360396,1333287,216259,218343,1117027,930372,186655,1142052,915697,226354
Laos,1999,1393532,1364455,224179,226867,1140275,961137,179137,1166664,947098,219566
Laos,2000,1428588,1396738,232836,236288,1163901,992691,171209,1192299,979831,212467
Laos,2001,1467740,1430476,241178,246433,1189297,1026245,163052,1221306,1015882,205423
Laos,2002,1507609,1464084,250065,257198,1214018,1059716,154301,1250410,1052595,197815
Laos,2003,1549276,1499280,260125,268954,1239154,1094049,145105,1280321,1090578,189743
Laos,2004,1593971,1537982,271300,281814,1266681,1131020,135661,1312156,1130816,181340
Laos,2005,1641915,1580930,283618,295708,1297311,1171342,125968,1346206,1173622,172583
Laos,2006,1692485,1629846,294839,309386,1335006,1218727,116279,1383098,1219616,163482
Laos,2007,1744742,1681507,306706,323824,1374800,1268803,105997,1420917,1267174,153743
Laos,2008,1797465,1735154,318400,338642,1416753,1321689,95064,1458822,1315566,143256
Laos,2009,1848933,1789668,329477,352961,1460190,1376813,83376,1495971,1364026,131944
Laos,2010,1898116,1844390,339736,366526,1504653,1418737,85915,1531589,1396503,135086
Laos,2011,1940631,1899743,348222,376094,1551520,1462928,88591,1564536,1426544,137992
Laos,2012,1981886,1956262,355844,384882,1600417,1509034,91383,1597003,1456148,140855
Laos,2013,2021945,2012583,363472,393268,1649110,1554946,94164,1628676,1485027,143649
Laos,2014,2060945,2066652,370550,401265,1696101,1599253,96847,1659679,1513295,146383
Laos,2015,2099383,2117315,377305,409169,1740009,1640654,99354,1690213,1541136,149076
Laos,2016,2141574,2163246,385490,417821,1777755,1676245,101509,1723752,1571717,152035
Laos,2017,2183312,2205826,392857,426400,1812968,1406863,406104,1756911,1268489,488421
Laos,2018,2224984,2246421,399638,434761,1846782,1433103,413679,1790222,1292540,497681
Laos,2019,2267524,2287453,405565,442393,1881887,1460344,421542,1825130,1317743,507386
Laos,2020,2311140,2330197,413143,450903,1917053,1487633,429419,1860236,1343090,517145
Laos,2021,0,0,0,0,0,0,0,0,0,0
Macoa,1990,117974,115699,28670,60603,87028,65080,21948,57370,41851,15518
Macoa,1991,121570,118051,28686,61708,89364,67720,21644,59861,44267,15593
Macoa,1992,124637,119881,29238,61358,90642,69594,21047,63278,47427,15851
Macoa,1993,127499,121452,29075,62143,92376,71850,20526,65355,49637,15718
Macoa,1994,130641,123224,30867,62067,92356,72758,19598,68573,52767,15806
Macoa,1995,134304,125439,27834,62209,97604,77868,19735,72094,56197,15896
Macoa,1996,138138,127994,17215,53003,110778,89487,21291,85134,67213,17920
Macoa,1997,142202,130812,19150,55131,111661,91316,20344,87070,69612,17457
Macoa,1998,146579,133953,20990,57151,112962,93510,19452,89427,72391,17036
Macoa,1999,151434,137496,23346,58196,114149,95634,18514,93237,76408,16829
Macoa,2000,156924,141521,25997,59521,115523,97940,17582,97402,80795,16607
Macoa,2001,163035,147013,27241,60062,119771,102739,17031,102972,86445,16527
Macoa,2002,170199,153090,34093,64573,118996,103265,15731,105625,89728,15896
Macoa,2003,178016,159585,37709,71811,121875,106981,14893,106204,91282,14921
Macoa,2004,185943,166251,38586,72722,127664,113340,14323,113220,98445,14775
Macoa,2005,193516,172913,39527,72104,133385,119753,13631,121411,106781,14630
Macoa,2006,200716,180019,38074,71113,141944,128857,13087,129602,115281,14321
Macoa,2007,207345,186987,36911,65749,150075,137739,12336,141595,127365,14230
Macoa,2008,213537,193716,36418,65022,157297,145940,11356,148514,135074,13440
Macoa,2009,219593,200148,38588,63967,161559,149894,11664,155625,141541,14084
Macoa,2010,225656,206174,38348,65891,167825,156950,10875,159764,142525,17238
Macoa,2011,231009,210929,39085,65329,171843,158938,12905,165679,147554,18125
Macoa,2012,236423,215449,39017,68042,176431,162810,13620,168380,152199,16181
Macoa,2013,241512,219487,40583,67405,178903,168044,10859,174106,154397,19708
Macoa,2014,245823,222810,37877,66667,184932,149628,35303,179155,122399,56756
Macoa,2015,249084,225321,38079,67078,187241,176231,11009,182005,162731,19274
Macoa,2016,250811,226619,39771,67944,186847,174440,12406,182866,161489,21377
Macoa,2017,251634,227263,37998,69199,189264,176697,12567,182434,161108,21326
Macoa,2018,251785,227383,36017,68586,191365,178658,12706,183198,161782,21415
Macoa,2019,251624,227225,35469,69171,191755,179022,12732,182452,161123,21328
Macoa,2020,251426,226970,35430,69117,191539,178821,12718,182308,160997,21311
Macoa,2021,0,0,0,0,0,0,0,0,0,0
Malaysia,1990,5259597,5426846,1034899,2743931,4391946,2182358,2209588,2515665,1050541,1465123
Malaysia,1991,5423579,5602971,1075210,2838158,4527760,2295122,2232638,2585420,1105525,1479894
Malaysia,1992,5587428,5774429,1112732,2931164,4661696,2409631,2252065,2656263,1162380,1493882
Malaysia,1993,5753509,5945377,1152808,3026345,4792568,2525204,2267363,2727163,1220678,1506485
Malaysia,1994,5925941,6122485,1193884,3124748,4928600,2646165,2282434,2801192,1281825,1519366
Malaysia,1995,6107322,6310034,1241183,3228941,5068850,2772154,2296695,2878380,1345930,1532450
Malaysia,1996,6301061,6515183,1292612,3340192,5222570,2908449,2314120,2960868,1414110,1546757
Malaysia,1997,6503799,6729338,1341829,3452866,5387508,3054178,2333329,3050932,1487634,1563297
Malaysia,1998,6713392,6951384,1354129,3552055,5597254,3229056,2368198,3161336,1573080,1588255
Malaysia,1999,6926253,7179135,1402802,3670221,5776332,3390129,2386202,3256031,1652761,1603269
Malaysia,2000,7138937,7410528,1459132,3790775,5951395,3552387,2399007,3348161,1733008,1615153
Malaysia,2001,7322507,7625478,1505269,3892644,6120208,3714354,2405853,3429862,1809595,1620266
Malaysia,2002,7514937,7854776,1564671,4005461,6290104,3880365,2409738,3509475,1886694,1622781
Malaysia,2003,7716046,8097730,1626833,4122683,6470896,4056604,2414291,3593362,1967725,1625637
Malaysia,2004,7922308,8349621,1691633,4242395,6657987,4240472,2417515,3679912,2051918,1627993
Malaysia,2005,8128615,8604204,1747513,4357750,6856690,4435593,2421097,3770864,2140342,1630521
Malaysia,2006,8310734,8835265,1815646,4464526,7019618,4611187,2408430,3846207,2221569,1624638
Malaysia,2007,8499172,9074336,1882017,4574254,7192318,4796557,2395761,3924917,2306281,1618636
Malaysia,2008,8697101,9319909,1984208,4739050,7335700,4965535,2370164,3958050,2365331,1592719
Malaysia,2009,8904506,9567873,2046568,4795076,7521304,5166384,2354920,4109429,2496889,1612540
Malaysia,2010,9116288,9811501,2099661,4923707,7711839,5374381,2337458,4192580,2589337,1603242
Malaysia,2011,9327050,10037290,2055636,4864989,7981653,5562414,2419238,4462060,2755768,1706292
Malaysia,2012,9523650,10240158,2008094,4818014,8232063,5806897,2425165,4705635,2910435,1795200
Malaysia,2013,9710736,10428380,1998077,4620368,8430302,6024294,2406008,5090367,3232383,1857984
Malaysia,2014,9893321,10611415,2064981,4596436,8546433,6155141,2391292,5296884,3435029,1861854
Malaysia,2015,10073306,10793929,2085387,4630698,8708541,6419066,2289475,5442607,3561642,1880964
Malaysia,2016,10238733,10958404,2152230,4678077,8806173,6424103,2382070,5560655,3666696,1893959
Malaysia,2017,10404704,11126626,2187494,4701885,8939131,6585457,2353673,5702818,3754165,1948652
Malaysia,2018,10566553,11292804,2162571,4713739,9130232,6791066,2339165,5852813,3908508,1944304
Malaysia,2019,10718631,11449495,2182273,4770862,9267221,7066256,2200965,5947768,4015338,1932429
Malaysia,2020,10858485,11593231,2209669,4833111,9383561,7568780,1814780,6025373,4380446,1644927
Malaysia,2021,0,0,0,0,0,0,0,0,0,0
Maldives,1990,54428,56467,11999,43264,44467,14709,29757,11163,1738,9425
Maldives,1991,56309,57726,12641,43937,45084,15364,29719,12371,2049,10321
Maldives,1992,58258,58986,13295,44549,45690,16028,29662,13708,2408,11299
Maldives,1993,60296,60300,14007,45119,46292,16702,29590,15176,2818,12358
Maldives,1994,62484,61761,14834,45694,46926,17400,29525,16789,3285,13503
Maldives,1995,64831,63441,15834,46282,47606,18128,29477,18548,3815,14732
Maldives,1996,67272,65549,16636,46801,48912,19115,29797,20470,4415,16055
Maldives,1997,69839,67880,17574,47301,50305,20162,30143,22537,5086,17450
Maldives,1998,72576,70523,18653,47798,51869,21308,30561,24777,5840,18937
Maldives,1999,75530,73579,19851,48293,53727,22608,31118,27236,6691,20544
Maldives,2000,78710,77113,21152,48752,55960,24107,31852,29957,7660,22297
Maldives,2001,82395,82371,22775,51002,59595,26269,33325,31392,8340,23051
Maldives,2002,86266,88195,24394,53286,63800,28761,35039,32979,9092,23887
Maldives,2003,90250,94407,25943,55557,68463,31548,36915,34692,9911,24780
Maldives,2004,94196,100714,27333,57732,73380,34547,38832,36463,10782,25681
Maldives,2005,97996,106888,28528,59767,78359,37675,40684,38228,11686,26541
Maldives,2006,101670,113105,30165,61693,82939,40706,42232,39976,12620,27356
Maldives,2007,105080,119254,31506,63405,87747,43943,43803,41674,13573,28101
Maldives,2008,108295,125702,32607,64977,93094,47552,45542,43318,14541,28776
Maldives,2009,111432,133128,33614,66502,99513,50831,48681,44929,15082,29846
Maldives,2010,114556,142016,32933,66431,109082,55719,53363,48124,16155,31969
Maldives,2011,117355,153890,32655,66035,121234,61926,59307,51319,17227,34091
Maldives,2012,120302,167245,32194,65576,135050,68983,66066,54725,18371,36354
Maldives,2013,123197,181731,31457,64924,150273,76759,73513,58272,19561,38710
Maldives,2014,125820,196914,30501,63979,166412,162917,3494,61840,52898,8942
Maldives,2015,128090,212384,32367,67887,180016,176236,3780,60202,51497,8705
Maldives,2016,130104,228513,36127,71934,192385,177686,14698,58169,42911,15257
Maldives,2017,131824,244835,37165,73017,207669,191803,15865,58806,43381,15424
Maldives,2018,133394,259675,37185,74740,222489,205491,16998,58653,43268,15384
Maldives,2019,135030,271197,36367,76899,234829,224684,10144,58130,51381,6748
Maldives,2020,136854,278322,37322,77938,240999,230587,10411,58915,52075,6840
Maldives,2021,0,0,0,0,0,0,0,0,0,0
Mongolia,1990,613773,596406,204626,281230,391779,228799,162980,332542,180337,152204
Mongolia,1991,625292,607694,202848,281881,404845,240478,164367,343410,189665,153744
Mongolia,1992,636811,619117,200717,281852,418399,252713,165686,354958,199593,155365
Mongolia,1993,648049,630527,201012,283521,429514,263722,165792,364527,208619,155908
Mongolia,1994,658776,641938,203365,286699,438572,273668,164903,372076,216660,155416
Mongolia,1995,669307,653811,207715,291081,446095,282824,163270,378225,224022,154202
Mongolia,1996,683151,669358,211717,295599,457640,294720,162919,387551,233422,154129
Mongolia,1997,695291,684475,216362,299879,468112,306145,161966,395411,242110,153301
Mongolia,1998,707219,700047,221074,303821,478972,318037,160934,403397,251034,152363
Mongolia,1999,721166,717408,226485,308875,490922,330881,160040,412290,260691,151599
Mongolia,2000,738277,737041,232167,315096,504873,345333,159539,423180,271808,151371
Mongolia,2001,757739,756781,239218,323706,517562,359188,158374,434032,283119,150913
Mongolia,2002,780678,778775,248273,334910,530501,373473,157028,445767,295231,150535
Mongolia,2003,805875,802228,259039,348138,543188,387836,155351,457737,307736,150000
Mongolia,2004,830878,825440,270991,361847,554448,401420,153027,469030,320019,149011
Mongolia,2005,854131,847312,280121,372999,567190,416317,150872,481131,333087,148044
Mongolia,2006,875756,867048,288380,382792,578667,430528,148138,492963,346207,146755
Mongolia,2007,895278,885002,296210,391146,588791,443949,144842,504131,359092,145038
Mongolia,2008,913171,901558,302292,397685,599265,451846,147419,515485,367180,148305
Mongolia,2009,930537,917588,303171,405155,614416,495465,118951,525381,401075,124305
Mongolia,2010,947946,933504,304789,417949,628714,500519,128194,529996,386685,143311
Mongolia,2011,963127,946548,296458,416841,650089,525857,124232,546285,397641,148644
Mongolia,2012,978664,959868,310997,423761,648870,503653,145217,554902,393092,161809
Mongolia,2013,993890,972827,303716,430254,669110,511802,157307,563635,388175,175459
Mongolia,2014,1008142,984877,301470,434307,683406,538865,144540,573834,400995,172838
Mongolia,2015,1021255,995910,299370,440875,696539,544345,152193,580379,392800,187578
Mongolia,2016,1032385,1004552,313420,456623,691131,519731,171400,575761,380117,195643
Mongolia,2017,1043506,1013347,308564,454759,704782,524287,180494,588746,395578,193167
Mongolia,2018,1054483,1022224,285813,469772,736410,559303,177106,584710,363865,220845
Mongolia,2019,1065397,1031359,267534,438197,763824,588297,175526,627199,394257,232941
Mongolia,2020,1076509,1041096,270060,442768,771035,590921,180113,633740,406608,227132
Mongolia,2021,0,0,0,0,0,0,0,0,0,0
Myanmar,1990,12454464,11674148,956112,4137372,10718035,5086779,5631255,8317091,3770968,4546122
Myanmar,1991,12716864,11916848,965264,4211825,10951583,5307137,5644446,8505038,3941234,4563804
Myanmar,1992,12966360,12150246,1013330,4337247,11136915,5508318,5628597,8629112,4085021,4544091
Myanmar,1993,13213410,12382274,1048778,4447633,11333495,5718881,5614613,8765776,4237375,4528400
Myanmar,1994,13471908,12623106,1091898,4572365,11531207,5933959,5597248,8899542,4391033,4508508
Myanmar,1995,13749010,12877392,1135785,4703536,11741606,6159646,5581959,9045473,4553491,4491982
Myanmar,1996,14043285,13127706,1176242,4835103,11951463,6389252,5562211,9208181,4727480,4480701
Myanmar,1997,14352552,13385643,1214077,4971724,12171565,6628634,5542930,9380827,4909925,4470902
Myanmar,1998,14668767,13647388,1254194,5114999,12393193,6873264,5519928,9553767,5095979,4457788
Myanmar,1999,14979347,13905947,1319674,5296697,12586272,7106209,5480063,9682649,5261551,4421098
Myanmar,2000,15274820,14155804,1402840,5500462,12752963,7327852,5425110,9774357,5409128,4365228
Myanmar,2001,15511871,14356828,1468703,5674242,12888124,7534397,5353727,9837628,5542519,4295109
Myanmar,2002,15736175,14552516,1539656,5855430,13012859,7737446,5275413,9880744,5665618,4215125
Myanmar,2003,15946888,14739566,1624300,6050249,13115265,7929489,5185776,9896638,5773698,4122940
Myanmar,2004,16146094,14915679,1709336,6243694,13206342,8116617,5089724,9902399,5876083,4026315
Myanmar,2005,16337871,15081746,1797744,6438754,13284001,8297187,4986814,9899116,5973126,3925989
Myanmar,2006,16500706,15209687,1876875,6621733,13332811,8461002,4871809,9878972,6059761,3819211
Myanmar,2007,16663630,15334086,1953562,6798761,13380523,8625085,4755438,9864868,6149758,3715110
Myanmar,2008,16831619,15462645,2025606,6966607,13437038,8795885,4641153,9865011,6248498,3616513
Myanmar,2009,17009798,15604088,2111233,7140713,13492854,8967351,4525503,9869084,6349768,3519316
Myanmar,2010,17201311,15764377,2200707,7313997,13563669,9150051,4413618,9887313,6460370,3426943
Myanmar,2011,17433227,15975401,2270104,7471881,13705296,9382645,4322650,9961345,6608356,3352989
Myanmar,2012,17675038,16201320,2360532,7649756,13840787,9613810,4226976,10025281,6751024,3274257
Myanmar,2013,17921321,16437757,2462375,7836993,13975381,9847053,4128327,10084327,6891628,3192698
Myanmar,2014,18163138,16676993,2566589,8017209,14110403,10083294,4027109,10145928,7035186,3110742
Myanmar,2015,18392290,16911221,2663517,8184569,14247703,10181408,4066294,10207720,7078033,3129687
Myanmar,2016,18592110,17116425,2914927,8623020,14201497,10148390,4053107,9969089,6912566,3056523
Myanmar,2017,18772490,17309964,3169454,9042708,14140509,10206619,3933889,9729781,6112248,3617532
Myanmar,2018,18940818,17497228,3256234,8962795,14240993,10404469,3836524,9978022,6260211,3717811
Myanmar,2019,19106310,17684517,3535134,9520674,14149382,11366198,2783183,9585635,5103392,4482243
Myanmar,2020,19274484,17875607,3573333,9604475,14302273,11489016,2813256,9670008,5148312,4521695
Myanmar,2021,0,0,0,0,0,0,0,0,0,0
Nepal,1990,5198697,5018632,385932,811516,4632699,2901459,1731239,4387180,2022490,2364690
Nepal,1991,5309174,5185320,403417,825576,4781902,3042724,1739177,4483597,2111774,2371823
Nepal,1992,5425934,5378322,422198,838306,4956123,3203142,1752981,4587627,2206648,2380978
Nepal,1993,5551003,5586500,441333,850413,5145166,3376772,1768393,4700589,2307989,2392600
Nepal,1994,5687091,5794339,459491,862731,5334847,3554609,1780238,4824359,2417003,2407355
Nepal,1995,5835589,5990157,475019,875921,5515137,3729887,1785250,4959667,2534389,2425277
Nepal,1996,5995930,6118984,485235,904186,5633748,3866441,1767307,5091743,2652798,2438945
Nepal,1997,6169187,6227549,493844,932781,5733704,3992378,1741326,5236405,2780531,2455874
Nepal,1998,6349905,6322794,502029,961375,5820764,4111205,1709558,5388529,2915194,2473335
Nepal,1999,6532352,6416893,511426,987691,5905466,4230085,1675381,5544660,3055107,2489552
Nepal,2000,6712789,6519317,536539,1034440,5982777,4345290,1637486,5678348,3185553,2492794
Nepal,2001,6858778,6637030,557510,1076142,6079519,4476350,1603169,5782635,3301884,2480750
Nepal,2002,7003289,6754840,580240,1119125,6174599,4608103,1566495,5884163,3418698,2465464
Nepal,2003,7146562,6871744,606087,1162745,6265656,4738715,1526940,5983816,3536435,2447380
Nepal,2004,7289055,6985041,633543,1208525,6351497,4867152,1484345,6080529,3654398,2426131
Nepal,2005,7433076,7094012,664708,1255446,6429303,4991067,1438235,6177629,3774531,2403097
Nepal,2006,7599652,7244478,701989,1307140,6542488,5144358,1398129,6292511,3907649,2384862
Nepal,2007,7756161,7384474,739185,1358103,6645288,5291642,1353645,6398057,4037174,2360883
Nepal,2008,7908546,7501761,776432,1409302,6725328,5355379,1369949,6499243,4101022,2398220
Nepal,2009,8066761,7582427,808286,1433463,6774140,5394247,1379892,6633297,4185610,2447686
Nepal,2010,8237512,7618964,838847,1456392,6780116,5399006,1381109,6781119,4278886,2502233
Nepal,2011,8433914,7530862,860024,1480151,6670837,5311987,1358849,6953762,4387823,2565938
Nepal,2012,8653523,7405183,881957,1495328,6523225,5194444,1328781,7158194,4516820,2641373
Nepal,2013,8890595,7273086,906226,1503399,6366859,5069930,1296929,7387195,4661320,2725875
Nepal,2014,9135797,7170973,937963,1509233,6233009,4963345,1269664,7626563,4812361,2814201
Nepal,2015,9383533,7124283,978164,1516378,6146118,4894154,1251964,7867154,4964174,2902979
Nepal,2016,9653222,7276833,1011479,1511694,6265353,4989100,1276252,8141527,5137303,3004223
Nepal,2017,9927407,7488455,1046886,1513929,6441568,4758387,1683181,8413477,4732581,3680896
Nepal,2018,10200154,7747741,1082359,1522882,6665381,4923717,1741664,8677271,4880964,3796306
Nepal,2019,10464154,8034251,1115957,1538230,6918293,5110543,1807749,8925923,5020831,3905091
Nepal,2020,10712951,8331490,1157243,1574803,7174246,5299615,1874630,9138147,5140207,3997939
Nepal,2021,0,0,0,0,0,0,0,0,0,0
New Zealand,1990,1097567,1088304,182508,405880,905795,425180,480615,691686,335398,356287
New Zealand,1991,1152740,1140938,193845,420980,947092,454036,493056,731759,362147,369611
New Zealand,1992,1164640,1151339,201138,426840,950200,465027,485172,737799,372514,365284
New Zealand,1993,1177295,1162975,202241,431596,960733,479790,480943,745698,383960,361738
New Zealand,1994,1192457,1177213,198713,422487,978499,498447,480051,769969,404156,365812
New Zealand,1995,1210125,1193647,195280,416646,998366,518551,479814,793478,424431,369047
New Zealand,1996,1229739,1209296,194212,405076,1015083,537384,477698,824662,449358,375304
New Zealand,1997,1247157,1222457,195837,412684,1026619,553758,472860,834472,463048,371423
New Zealand,1998,1260585,1231569,205056,419522,1026512,563966,462546,841062,475116,365946
New Zealand,1999,1270372,1237244,210702,419222,1026541,574247,452294,851149,489325,361823
New Zealand,2000,1281236,1244337,210666,420886,1033670,588572,445098,860349,503218,357131
New Zealand,2001,1294368,1254121,209563,412126,1044557,605216,439340,882241,524845,357395
New Zealand,2002,1322181,1278191,205277,411991,1072913,632375,440538,910189,550573,359615
New Zealand,2003,1353368,1305836,221600,419138,1084235,649890,434344,934229,574457,359771
New Zealand,2004,1378289,1328045,216072,424099,1111972,677635,434336,954189,596272,357916
New Zealand,2005,1398299,1346280,210423,414176,1135856,703549,432306,984122,624819,359303
New Zealand,2006,1417140,1364192,205447,411679,1158744,729313,429430,1005460,648421,357039
New Zealand,2007,1431325,1378406,209242,409358,1169163,747563,421600,1021966,669285,352680
New Zealand,2008,1443551,1391209,219811,410545,1171397,760705,410692,1033005,686845,346160
New Zealand,2009,1456974,1405369,231604,415674,1173764,773980,399784,1041299,702772,338526
New Zealand,2010,1470960,1420071,238997,423930,1181073,790610,390462,1047029,717110,329918
New Zealand,2011,1477140,1425648,240079,419655,1185568,805475,380093,1057484,734845,322638
New Zealand,2012,1480518,1428934,248062,418246,1180871,814092,366778,1062271,748795,313476
New Zealand,2013,1487323,1435665,248226,409162,1187438,818620,368818,1078160,759995,318165
New Zealand,2014,1507480,1455200,235160,396617,1220039,1044475,175563,1110862,890022,220839
New Zealand,2015,1533452,1480264,237582,403297,1242681,1071315,171365,1130154,908530,221623
New Zealand,2016,1563230,1509901,226334,390807,1283566,1110413,173153,1172422,938172,234250
New Zealand,2017,1590400,1536244,218607,377720,1317636,1131059,186577,1212680,981664,231015
New Zealand,2018,1612775,1557625,221650,376905,1335974,1126627,209347,1235869,990796,245072
New Zealand,2019,1632178,1576451,233787,379481,1342663,1162477,180185,1252696,1019193,233502
New Zealand,2020,1660051,1604124,237891,385961,1366232,1178375,187856,1274089,1032266,241822
New Zealand,2021,0,0,0,0,0,0,0,0,0,0
Pakistan,1990,27439081,29716021,3901713,23487853,25814307,17398843,8415463,3951227,547640,3403587
Pakistan,1991,28184039,30449606,3994988,24162176,26454617,18094958,8359658,4021862,597648,3424213
Pakistan,1992,28964617,31222019,4102573,24831366,27119445,18820895,8298549,4133250,655533,3477717
Pakistan,1993,29787462,32041207,4581892,25438492,27459314,19331357,8127956,4348969,733236,3615733
Pakistan,1994,30661363,32916518,4651103,26031497,28265414,20181506,8083907,4629865,826894,3802971
Pakistan,1995,31595262,33857010,4868638,27528951,28988371,20987581,8000790,4066310,766906,3299404
Pakistan,1996,32607585,34884814,4974574,28058826,29910239,21954116,7956123,4548758,903383,3645374
Pakistan,1997,33697149,35991183,5096351,28592030,30894831,22985755,7909076,5105118,1064927,4040190
Pakistan,1998,34849394,37162455,5384839,29472132,31777615,23960322,7817292,5377261,1175469,4201792
Pakistan,1999,36047941,38383156,5412024,30348761,32971131,25189944,7781186,5699179,1302832,4396347
Pakistan,2000,37281270,39641278,5446711,31144772,34194566,26466594,7727971,6136497,1464168,4672328
Pakistan,2001,38470298,40835673,5635322,32176557,35200350,27597075,7603275,6293740,1564623,4729116
Pakistan,2002,39694236,42068226,5839069,33140717,36229156,28765950,7463205,6553518,1694739,4858778
Pakistan,2003,40957568,43343042,5985674,33806376,37357367,30035324,7322043,7151191,1920810,5230381
Pakistan,2004,42264297,44664356,6141348,34466534,38523007,31357728,7165278,7797762,2172456,5625306
Pakistan,2005,43615931,46035091,6863832,35311457,39171258,32277117,6894140,8304473,2396671,5907802
Pakistan,2006,44986053,47413562,7671514,36132797,39742047,32747447,6994599,8853255,2555049,6298205
Pakistan,2007,46396534,48845321,7981325,37098668,40863995,33851732,7012263,9297865,2582947,6714918
Pakistan,2008,47842720,50322574,8509547,38015825,41813026,35419814,6393212,9826894,2549096,7277798
Pakistan,2009,49318436,51834354,8749638,38616335,43084715,36156692,6928022,10702100,2881005,7821095
Pakistan,2010,50815769,53371278,9105140,39224692,44266137,36333646,7932491,11591076,3114522,8476554
Pakistan,2011,52247923,54853807,9522620,40136854,45331186,37139840,8191345,12111068,3285732,8825335
Pakistan,2012,53706703,56353987,9540729,41144705,46813257,38354101,8459155,12561997,3408069,9153927
Pakistan,2013,55184366,57875895,9561097,42149818,48314797,40888811,7425985,13034547,4288366,8746181
Pakistan,2014,56670884,59425542,10149882,43030202,49275659,40706622,8569036,13640681,3991263,9649418
Pakistan,2015,58160519,61003778,9961916,43568044,51041861,45958092,5083768,14592474,5707116,8885357
Pakistan,2016,59608997,62541951,9987949,45159776,52554001,47319623,5234378,14449220,5651090,8798130
Pakistan,2017,61062099,64113200,10020893,46761355,54092306,48704713,5387593,14300743,5593020,8707722
Pakistan,2018,62518840,65704035,10059287,48377078,55644747,47036504,8608243,14141761,4130808,10010953
Pakistan,2019,63986169,67302695,10236739,49506098,57065955,48876991,8188963,14480070,5217169,9262900
Pakistan,2020,65468556,68904197,10480328,50653021,58423868,50040044,8383824,14815534,5338036,9477497
Pakistan,2021,0,0,0,0,0,0,0,0,0,0
Philippines,1990,17120625,17492331,3855309,8806849,13637021,7747191,5889829,8313775,3209117,5104658
Philippines,1991,17616230,17982939,3911289,9024794,14071649,8134820,5936829,8591435,3402208,5189227
Philippines,1992,18135902,18496487,3984143,9262005,14512343,8534708,5977634,8873896,3602801,5271094
Philippines,1993,18673788,19027314,4081358,9525499,14945955,8939175,6006779,9148288,3805687,5342600
Philippines,1994,19220288,19565887,4204709,9810034,15361177,9341131,6020045,9410253,4008767,5401485
Philippines,1995,19770710,20107926,4333258,10098878,15774667,9750321,6024346,9671831,4216918,5454913
Philippines,1996,20323684,20644484,4473659,10397596,16170824,10156894,6013929,9926087,4427034,5499052
Philippines,1997,20874527,21179392,4608635,10689845,16570756,10573799,5996957,10184681,4644214,5540467
Philippines,1998,21430609,21720142,4678518,10933896,17041623,11044675,5996947,10496712,4891467,5605244
Philippines,1999,22001622,22275974,4796017,11220827,17479956,11503559,5976397,10780794,5131658,5649136
Philippines,2000,22590137,22849217,4940000,11530005,17909216,11965146,5944069,11060131,5375223,5684907
Philippines,2001,23176163,23402667,5061996,11824478,18340670,12436807,5903862,11351684,5630435,5721249
Philippines,2002,23777522,23969183,5278014,12214513,18691168,12861392,5829776,11563008,5850882,5712126
Philippines,2003,24382864,24546081,5500776,12608378,19045304,13295526,5749777,11774485,6075634,5698850
Philippines,2004,24982173,25134368,5484319,12998224,19650048,13914199,5735849,11983948,6303556,5680391
Philippines,2005,25578051,25742646,5750907,13088288,19991738,14356067,5635671,12489762,6694512,5795249
Philippines,2006,26180855,26405277,5943827,13263221,20461449,14897980,5563468,12917633,7053027,5864605
Philippines,2007,26788584,27095387,6156071,13549665,20939315,15455307,5484007,13238918,7360838,5878079
Philippines,2008,27428531,27823527,6182387,13996779,21641139,16189735,5451403,13431751,7602371,5829380
Philippines,2009,28108164,28577080,6338396,14101865,22238683,16636758,5601924,14006298,7927564,6078733
Philippines,2010,28809653,29329080,6601975,14393302,22727104,16983965,5743138,14416350,8224527,6191822
Philippines,2011,29429700,29967302,6511894,14447039,23455407,17507115,5948291,14982660,8580569,6402090
Philippines,2012,30068248,30596373,6789335,14874762,23807037,17326761,6480275,15193485,8675480,6518005
Philippines,2013,30708223,31214096,7063749,15197499,24150346,17576621,6573724,15510723,8856622,6654100
Philippines,2014,31343681,31834930,7013235,15239297,24821694,17854245,6967449,16104383,9161783,6942599
Philippines,2015,31977373,32472300,7462134,15636935,25010165,17769723,7240442,16340437,9315683,7024754
Philippines,2016,32569641,33065501,7396752,16121972,25668748,18360855,7307892,16447668,9319249,7128419
Philippines,2017,33180992,33703577,8048414,17456519,25655162,18351137,7304025,15724472,8909485,6814986
Philippines,2018,33800341,34365223,8460717,17596457,25904505,18529492,7375012,16203883,9181120,7022763
Philippines,2019,34407302,35013432,8669325,17502994,26344106,18843938,7500167,16904307,9577980,7326326
Philippines,2020,34991277,35628991,8821738,17800062,26807252,19175227,7632025,17191214,9740542,7450672
Philippines,2021,0,0,0,0,0,0,0,0,0,0
Singapore,1990,1104687,1117895,194960,544721,922934,694969,227964,559965,358658,201307
Singapore,1991,1138639,1154361,195895,555428,958465,731309,227156,583210,379378,203832
Singapore,1992,1172978,1194453,200309,564906,994143,768472,225670,608071,401631,206440
Singapore,1993,1200725,1230710,207866,566862,1022843,800886,221956,633862,425004,208857
Singapore,1994,1236091,1276668,214352,573669,1062315,842416,219899,662421,450777,211643
Singapore,1995,1271525,1323568,219712,579815,1103855,886396,217459,691709,477625,214084
Singapore,1996,1318946,1383269,227409,590360,1155859,939713,216145,728585,510374,218211
Singapore,1997,1360823,1439324,235473,599578,1203850,990769,213081,761244,540864,220380
Singapore,1998,1408123,1501372,239168,628867,1262203,1051415,210787,779255,561453,217801
Singapore,1999,1423223,1525966,251174,622375,1274791,1074649,200142,800847,585019,215828
Singapore,2000,1454668,1562454,258586,628416,1303867,1112199,191668,826251,611839,214412
Singapore,2001,1499606,1599213,264030,637932,1335182,1152262,182920,861673,646686,214987
Singapore,2002,1521389,1605034,269645,661043,1335388,1165794,169594,860345,654292,206052
Singapore,2003,1509349,1575319,271742,642680,1303576,1151058,152518,866668,667767,198900
Singapore,2004,1538495,1596056,280746,646321,1315309,1174571,140738,892173,696341,195832
Singapore,2005,1581709,1643134,286891,656567,1356242,1224687,131555,925141,731324,193817
Singapore,2006,1631630,1715568,291303,665378,1424264,1300353,123910,966251,773484,192767
Singapore,2007,1698281,1818361,301847,680501,1516513,1399741,116771,1017779,824910,192869
Singapore,2008,1788902,1955511,338498,670480,1617012,1508672,108339,1118421,917664,200756
Singapore,2009,1843397,2053393,355031,699200,1698361,1584571,113790,1144196,938813,205383
Singapore,2010,1877125,2120603,369833,687215,1750769,1647474,103295,1189909,985126,204783
Singapore,2011,1908065,2166522,383041,682324,1783480,1678255,105225,1225740,1014790,210950
Singapore,2012,1948880,2218453,379577,674702,1838875,1730381,108493,1274177,1054891,219285
Singapore,2013,1977196,2254217,392008,674816,1862208,1752338,109870,1302379,1078239,224139
Singapore,2014,2000941,2285559,386716,653907,1898842,1770670,128171,1347033,1135279,211753
Singapore,2015,2021032,2314018,380424,631976,1933593,1803075,130517,1389055,1170695,218359
Singapore,2016,2037279,2333172,389406,630741,1943765,1812561,131204,1406537,1185429,221107
Singapore,2017,2020947,2312149,371099,624876,1941049,1810028,131020,1396070,1176607,219462
Singapore,2018,2007357,2292607,373694,614451,1918912,1789385,129526,1392905,1173940,218964
Singapore,2019,2006294,2287093,362046,607505,1925046,1795105,129940,1398788,1178898,219889
Singapore,2020,1977125,2250115,356193,598673,1893921,1766082,127839,1378451,1161758,216692
Singapore,2021,0,0,0,0,0,0,0,0,0,0
Sri Lanka,1990,5378410,5437181,930301,2755359,4506879,3049354,1457524,2623050,1581699,1041350
Sri Lanka,1991,5486600,5531424,987912,3013789,4543511,3119575,1423936,2472810,1515832,956977
Sri Lanka,1992,5588858,5621249,1067475,3275070,4553773,3172159,1381614,2313787,1441489,872297
Sri Lanka,1993,5686819,5708098,1086821,3340437,4621276,3265393,1355882,2346381,1485259,861121
Sri Lanka,1994,5782984,5793942,1095634,3366274,4698307,3366807,1331500,2416709,1553943,862765
Sri Lanka,1995,5878365,5879205,1238160,3564052,4641044,3372183,1268861,2314312,1511246,803066
Sri Lanka,1996,5967612,5953218,1176951,3643227,4776266,3518198,1258068,2324384,1541067,783317
Sri Lanka,1997,6058939,6027793,1147691,3728671,4880101,3643483,1236617,2330267,1568270,761997
Sri Lanka,1998,6152559,6103154,1091854,3391905,5011299,3791549,1219750,2760653,1885526,875126
Sri Lanka,1999,6246285,6176964,1092704,3684058,5084259,3897593,1186665,2562226,1775622,786603
Sri Lanka,2000,6338639,6247492,1178901,3779730,5068590,3936267,1132322,2558908,1798912,759995
Sri Lanka,2001,6420882,6304769,1193492,3832624,5111276,4020530,1090746,2588257,1845427,742829
Sri Lanka,2002,6500185,6356978,1204647,3882560,5152330,4104346,1047983,2617624,1892542,725081
Sri Lanka,2003,6576111,6404161,1214228,3929226,5189932,4186199,1003732,2646884,1940166,706718
Sri Lanka,2004,6649558,6447686,1223770,3975770,5223915,4265849,958065,2673787,1986624,687163
Sri Lanka,2005,6720004,6487985,1234663,4021922,5253321,4342395,910925,2698081,2031655,666426
Sri Lanka,2006,6778117,6513823,1237626,4061447,5276196,4414066,862130,2716669,2072818,643850
Sri Lanka,2007,6838147,6541262,1245456,4104939,5295805,4483429,812376,2733207,2112769,620437
Sri Lanka,2008,6897061,6569522,1257406,4148582,5312115,4550358,761757,2748478,2152058,596419
Sri Lanka,2009,6950560,6595568,1272285,4189797,5323282,4613157,710125,2760762,2189284,571477
Sri Lanka,2010,6996547,6617335,1288395,4363746,5328939,4618059,710880,2632800,2087810,544989
Sri Lanka,2011,7035628,6624157,1303634,4399378,5320522,4552771,767751,2636249,2114008,522241
Sri Lanka,2012,7028262,6590652,1295063,4497384,5295588,4210522,1085066,2530877,1335290,1195586
Sri Lanka,2013,7062197,6599128,1265712,4318533,5333415,4531803,801612,2743663,2218800,524862
Sri Lanka,2014,7107987,6621491,1304433,4396289,5317057,4328084,988972,2711697,2234167,477529
Sri Lanka,2015,7156596,6649093,1287264,4308270,5361828,4597768,764060,2848325,2360122,488202
Sri Lanka,2016,7222430,6694531,1257902,4342124,5436628,4730410,706217,2880305,2388061,492244
Sri Lanka,2017,7292381,6746856,1310239,4320006,5436616,4716808,719807,2972374,2435563,536810
Sri Lanka,2018,7358641,6798314,1371219,4584433,5427094,4690094,736999,2774207,2246830,527376
Sri Lanka,2019,7393570,6823018,1423963,4615066,5399054,4611332,787721,2778503,2329497,449006
Sri Lanka,2020,7421911,6843475,1428233,4632756,5415241,4625158,790083,2789154,2338426,450727
Sri Lanka,2021,0,0,0,0,0,0,0,0,0,0
Thailand,1990,18738653,18175838,2237445,5505416,15938392,11250910,4687481,13233236,8924495,4308741
Thailand,1991,19096531,18549732,2316861,5688856,16232870,11621111,4611759,13407674,9176212,4231461
Thailand,1992,19401665,18890289,2387732,5849601,16502556,11979205,4523351,13552063,9410552,4141510
Thailand,1993,19676288,19209603,2460750,6001267,16748852,12325480,4423372,13675020,9632684,4042335
Thailand,1994,19953303,19525517,2534412,6149607,16991104,12673664,4317440,13803695,9861360,3942334
Thailand,1995,20255704,19849139,2675663,5973407,17173475,12981429,4192045,14282296,10346096,3936200
Thailand,1996,20639939,20191225,2780331,5787438,17410893,13335002,4075890,14852500,10907676,3944823
Thailand,1997,21046287,20538539,2850749,5789833,17687789,13723955,3963834,15256453,11356904,3899549
Thailand,1998,21462105,20884828,2934318,6166062,17950509,14107304,3843204,15296042,11539334,3756707
Thailand,1999,21861535,21215031,3203469,6519109,18011561,14335400,3676160,15342425,11727750,3614675
Thailand,2000,22225514,21518763,3191232,6460956,18327530,14770156,3557374,15764557,12208073,3556483
Thailand,2001,22562785,21817285,3185323,6879393,18631961,15201816,3430144,15683391,12302052,3381338
Thailand,2002,22863463,22084667,3270739,6939061,18813927,15538422,3275505,15924401,12650345,3274056
Thailand,2003,23135159,22327245,3344621,6982190,18982623,15867574,3115049,16152968,12993447,3159520
Thailand,2004,23391879,22556159,3295454,7062008,19260704,16292628,2968075,16329870,13299047,3030823
Thailand,2005,23641705,22777633,3355145,7021586,19422487,16623706,2798781,16620118,13701626,2918492
Thailand,2006,23877570,22982051,3396747,7273107,19585303,16958913,2626389,16604462,13854763,2749698
Thailand,2007,24098972,23170823,3308793,7123656,19862029,17397150,2464878,16975315,14333957,2641358
Thailand,2008,24305922,23346388,3338533,7116773,20007854,17724957,2282896,17189148,14686408,2502739
Thailand,2009,24495794,23509539,3298388,7169918,20211150,18107169,2103981,17325875,14976486,2349388
Thailand,2010,24666174,23660050,3603425,7417118,20056624,17968729,2087895,17249055,14910083,2338971
Thailand,2011,24760909,23732867,3324974,6831534,20407892,18197717,2210175,17929374,15521459,2407915
Thailand,2012,24854973,23814162,3353034,7028986,20461127,18433429,2027698,17825986,15348174,2477812
Thailand,2013,24942268,23895898,3644124,7714643,20251773,17876239,2375533,17227624,14443639,2783984
Thailand,2014,25013631,23965374,3839252,7936825,20126121,17700922,2425198,17076805,14349639,2727166
Thailand,2015,25063121,24015363,3984148,8027717,20031214,17459207,2572007,17035403,14262039,2773363
Thailand,2016,25131682,24078160,4213678,8223086,19864482,17057631,2806850,16908595,14040897,2867697
Thailand,2017,25171127,24112638,4352331,8397087,19760306,16976080,2784226,16774039,13841936,2932102
Thailand,2018,25181522,24121085,4201893,8264575,19919191,17008997,2910194,16916946,13992006,2924940
Thailand,2019,25165005,24109158,4378223,8352265,19730934,16524657,3206276,16812739,13809984,3002755
Thailand,2020,25122259,24079586,4372852,8338077,19706733,16364471,3342261,16784181,13523014,3261166
Thailand,2021,0,0,0,0,0,0,0,0,0,0
Vietnam,1990,19604689,19147903,2688365,3999356,16459537,11133231,5326306,15605332,10566370,5038961
Vietnam,1991,20104086,19653088,2755362,4103243,16897725,11598598,5299126,16000842,10994178,5006663
Vietnam,1992,20607019,20162487,2842910,4226499,17319576,12061352,5258223,16380519,11418859,4961659
Vietnam,1993,21112422,20676514,2929862,4349158,17746651,12536234,5210417,16763263,11853303,4909959
Vietnam,1994,21626023,21203167,3027812,4483074,18175354,13020824,5154530,17142948,12293208,4849740
Vietnam,1995,22152404,21748523,3136137,4625421,18612385,13520037,5092348,17526982,12743868,4783113
Vietnam,1996,22661864,22269813,3242484,4763523,19027328,14011724,5015603,17898340,13192866,4705473
Vietnam,1997,23209814,22836742,3352433,4904233,19484308,14543087,4941220,18305580,13676098,4629481
Vietnam,1998,23783136,23435318,3449678,5032511,19985639,15117137,4868501,18750624,14196097,4554526
Vietnam,1999,24357222,24038348,3545656,5158859,20492691,15705598,4787092,19198362,14727063,4471298
Vietnam,2000,24919095,24630899,3660151,5307767,20970747,16281688,4689059,19611327,15239962,4371365
Vietnam,2001,25562064,25297557,3781984,5470281,21515572,16919845,4595726,20091782,15814241,4277540
Vietnam,2002,26145201,25904400,3898612,5629061,22005787,17525409,4480378,20516139,16353414,4162724
Vietnam,2003,26699935,26486562,4020660,5793885,22465901,18116503,4349398,20906049,16873272,4032777
Vietnam,2004,27272381,27094804,4159052,5972651,22935751,18724747,4211004,21299729,17404008,3895720
Vietnam,2005,27878478,27747297,4309155,6169507,23438141,19369280,4068861,21708970,17955489,3753481
Vietnam,2006,28429005,28332644,4442558,6348196,23890085,19981667,3908418,22080808,18483844,3596963
Vietnam,2007,29020608,28966041,4588220,6544147,24377820,20633386,3744433,22476460,19039809,3436651
Vietnam,2008,29623882,29615745,4720749,6727583,24894995,21320073,3574921,22896298,19624417,3271881
Vietnam,2009,30189625,30230219,4833812,6889272,25396406,22003446,3392960,23300352,20203735,3096617
Vietnam,2010,30692212,30782083,4700424,7083762,26081658,22597149,3484509,23608449,20470886,3137563
Vietnam,2011,31142265,31241444,4689340,7150264,26552103,23124225,3427877,23992000,20717092,3274908
Vietnam,2012,31549097,31662787,4758916,7076462,26903870,23234182,3669687,24472634,21526129,2946505
Vietnam,2013,31907430,32038296,4494972,6850525,27543323,23951673,3591649,25056904,21947341,3109562
Vietnam,2014,32223035,32370180,4492980,6818394,27877199,24465030,3412168,25404640,22307814,3096826
Vietnam,2015,32500313,32662619,4487843,6968067,28174775,24774079,3400695,25532245,22356033,3176212
Vietnam,2016,32754579,32923297,4655354,7061887,28267942,24785332,3482610,25692691,22452843,3239848
Vietnam,2017,32963671,33135176,4513010,6948741,28622165,25044394,3577770,26014929,22835904,3179024
Vietnam,2018,33138889,33315581,4434303,6723880,28881277,25320215,3561062,26415008,23147471,3267537
Vietnam,2019,33294847,33488288,4514221,6782160,28974066,25123413,3850653,26512686,23227764,3284921
Vietnam,2020,33439390,33665783,4538147,6811603,29127635,25230358,3897276,26627786,23483045,3144740
Vietnam,2021,0,0,0,0,0,0,0,0,0,0